essay_title,section_headings_count,num_sentences,avg_sentence_length,first_person_ratio,anecdote_count,question_count,quote_count,metaphor_count,argument_ratio,rhetorical_questions,dialogue_count,type_token_ratio,startup_keywords_count,philosophy_keywords_count,personal_pronoun_ratio,sentiment_score,sentiment_subjectivity,storytelling_sentences,passive_ratio,direct_advice,starter_variety,parenthesis_count,colon_semicolon_count,list_usage_count,connector_count,analogy_count,uncommon_word_count,essay_length,ending_type
Ramen_Profitable,17,94,22.48936170212766,0.005676442762535478,0,6,8,2,0.004257332071901609,0,4,0.293282876064333,18,1,0.005676442762535478,0.09192966945016127,0.4861448220874448,0,0.05319148936170213,4,0.6276595744680851,10,14,0,18,2,62,2114,neutral
Alien_Truth,5,32,24.75,0.026515151515151516,0,1,2,1,0.0012626262626262627,0,1,0.3661616161616162,0,17,0.03787878787878788,0.2240855762594893,0.6275937428111341,0,0.0625,1,0.71875,3,3,0,7,1,22,792,neutral
What_I_Did_this_Summer,19,135,21.696296296296296,0.023557528166609765,0,8,28,3,0.0054626152270399455,2,14,0.2785933765790372,16,3,0.0297029702970297,0.08883800266819132,0.4970719594870536,0,0.2962962962962963,0,0.5333333333333333,9,17,0,35,2,72,2929,neutral
High_Resolution_Fundraising,7,30,26.233333333333334,0.0038119440914866584,0,3,4,1,0.0063532401524777635,1,2,0.41804320203303685,11,0,0.0038119440914866584,0.12274122807017544,0.494580200501253,0,0.1,0,0.9,3,2,0,8,1,29,787,neutral
Change_Your_Name,10,41,20.951219512195124,0.012805587892898719,2,1,0,2,0.008149010477299184,1,0,0.3690337601862631,5,1,0.013969732246798603,0.18229712378017462,0.5362890405263285,2,0.024390243902439025,1,0.8780487804878049,3,3,0,11,1,11,859,neutral
Before_the_Startup,46,214,24.369158878504674,0.01112176414189837,0,20,24,3,0.006711409395973154,14,12,0.20613614573346117,61,26,0.013806327900287631,0.14459763264111083,0.4989499637506887,2,0.14485981308411214,6,0.4766355140186916,9,20,0,66,2,101,5215,neutral
Coronavirus_and_Credibility,1,10,27.2,0.01838235294117647,0,1,2,1,0.007352941176470588,0,1,0.5735294117647058,0,0,0.022058823529411766,0.07884615384615384,0.5682692307692307,0,0.3,0,1.0,0,0,0,3,1,19,272,neutral
The_Acceleration_of_Addictiveness,21,74,19.945945945945947,0.028455284552845527,1,2,12,1,0.0040650406504065045,1,6,0.3523035230352303,0,1,0.037940379403794036,0.0835997013322595,0.5464893956173025,1,0.08108108108108109,0,0.6216216216216216,3,9,0,11,1,53,1476,neutral
Is_It_Worth_Being_Wise?,31,176,24.426136363636363,0.015585019772040009,0,12,62,2,0.0032565712956501513,2,31,0.2421493370551291,0,8,0.017445917655268667,0.1645027725647881,0.5095464024921387,1,0.07954545454545454,0,0.48863636363636365,7,28,0,54,3,184,4299,neutral
A_Student's_Guide_to_Startups,59,327,22.434250764525995,0.014040348964013086,1,34,32,4,0.004907306434023991,13,16,0.18974918211559433,67,7,0.01594874591057797,0.14206291061143747,0.49281764211140333,1,0.11314984709480122,14,0.40061162079510704,15,36,0,96,3,158,7336,neutral
What_You_(Want_to)*_Want,7,21,28.80952380952381,0.02809917355371901,1,1,10,2,0.011570247933884297,1,5,0.37355371900826445,0,1,0.03305785123966942,0.08239583333333335,0.46015224358974355,1,0.14285714285714285,0,0.7619047619047619,3,4,0,7,1,11,605,neutral
Five_Founders,8,44,19.5,0.023310023310023312,0,7,8,2,0.006993006993006993,1,4,0.4160839160839161,9,3,0.027972027972027972,0.2890001779042875,0.5184154658127261,0,0.29545454545454547,0,0.6590909090909091,0,8,0,16,2,17,858,neutral
How_to_Be_Silicon_Valley,42,190,21.878947368421052,0.0031272552321385616,0,19,26,2,0.002165022853019004,4,13,0.25571325475102236,35,3,0.006254510464277123,0.16778185695541073,0.5113767369759108,1,0.15789473684210525,4,0.5,7,24,0,50,2,122,4157,neutral
What_I_Worked_On,133,632,24.664556962025316,0.037913779830638955,15,25,54,4,0.002630228380805748,3,27,0.1603156274056967,33,34,0.04907621247113164,0.10597383767026625,0.46922641867696785,21,0.47943037974683544,5,0.29430379746835444,21,33,1,231,2,285,15588,neutral
What_Doesn't_Seem_Like_Work?,4,26,21.46153846153846,0.01971326164874552,0,3,8,1,0.005376344086021506,2,4,0.4336917562724014,0,0,0.035842293906810034,0.08891293891293893,0.5173200256533589,1,0.34615384615384615,0,0.7692307692307693,0,2,0,7,1,15,558,neutral
Do_Things_that_Don't_Scale,40,204,24.30392156862745,0.008471157724889069,0,12,32,5,0.005042355788624445,6,16,0.22065348931020573,17,2,0.009681323114158934,0.14821786694966316,0.4692057975735157,2,0.18627450980392157,6,0.5049019607843137,10,10,0,53,2,132,4958,neutral
The_Fatal_Pinch,17,69,26.333333333333332,0.004402861860209136,0,5,12,1,0.009356081452944413,5,6,0.28893780957622456,4,1,0.0049532195927352776,0.0852523114745337,0.4780754101865214,0,0.07246376811594203,4,0.5652173913043478,1,10,0,23,1,36,1817,neutral
An_NFT_That_Saves_Lives,4,12,29.583333333333332,0.011267605633802818,0,0,0,1,0.008450704225352112,0,0,0.504225352112676,0,1,0.011267605633802818,0.18473625140291805,0.5148989898989899,0,0.08333333333333333,0,0.8333333333333334,0,1,0,3,1,6,355,neutral
What_You_Can't_Say,99,295,21.318644067796612,0.013038638893305771,0,43,72,5,0.0028621402448719985,13,36,0.22595007155350613,0,5,0.018285896008904436,0.04653226533770892,0.47900162337662344,1,0.08813559322033898,6,0.48135593220338985,7,21,0,56,2,150,6289,neutral
After_the_Ladder,3,27,23.962962962962962,0.00463678516228748,0,1,2,1,0.00463678516228748,1,1,0.46367851622874806,2,0,0.010819165378670788,0.12588157081014228,0.36167439703154,0,0.25925925925925924,1,0.7407407407407407,1,2,0,5,1,15,647,neutral
Undergraduation,34,173,24.127167630057805,0.013895543842836608,1,12,26,2,0.009822712026832775,6,13,0.246286535697173,5,10,0.01820795400095831,0.1547408591743941,0.5097212849252124,4,0.12716763005780346,5,0.4913294797687861,19,23,1,37,1,114,4174,question
Why_TV_Lost,19,77,22.506493506493506,0.005770340450086555,0,1,8,1,0.004616272360069244,0,4,0.3462204270051933,1,3,0.005770340450086555,0.1592204487624335,0.43302865073857433,1,0.16883116883116883,0,0.5974025974025974,5,7,0,21,1,50,1733,neutral
The_Equity_Equation,6,45,29.4,0.007558578987150416,0,5,6,1,0.0,3,3,0.31594860166288735,12,1,0.008314436885865457,0.08426226551226552,0.3821027236652236,0,0.08888888888888889,4,0.6888888888888889,11,6,0,9,1,11,1323,neutral
A_Unified_Theory_of_VC_Suckage,15,84,19.916666666666668,0.014943215780035863,0,6,8,2,0.005977286312014346,2,4,0.3407053197848177,20,1,0.023909145248057383,0.16714562496890087,0.5305277217992735,0,0.23809523809523808,0,0.6190476190476191,1,6,0,29,1,33,1673,neutral
A_Project_of_One's_Own,21,111,25.91891891891892,0.014598540145985401,1,5,18,2,0.005561348627042058,1,9,0.2732012513034411,1,4,0.020855057351407715,0.16780954135733553,0.5453131468204999,2,0.16216216216216217,2,0.4774774774774775,5,11,0,35,2,64,2877,neutral
Apple's_Mistake,41,136,18.11764705882353,0.01176948051948052,1,17,13,3,0.006087662337662338,3,6,0.29464285714285715,2,0,0.014204545454545454,0.10068511289609555,0.5022405099717242,1,0.11029411764705882,2,0.4485294117647059,0,14,0,34,2,87,2464,question
Modeling_a_Wealth_Tax,5,17,31.058823529411764,0.003787878787878788,0,3,0,1,0.001893939393939394,1,0,0.4015151515151515,4,1,0.003787878787878788,0.10026515151515153,0.417972972972973,0,0.0,0,0.7647058823529411,1,2,10,3,1,7,528,neutral
How_to_Lose_Time_and_Money,6,35,22.34285714285714,0.034526854219948847,2,0,4,2,0.0076726342710997444,0,2,0.3900255754475703,1,0,0.04219948849104859,-0.017715891307440605,0.5151123915208421,2,0.14285714285714285,1,0.7428571428571429,1,5,0,10,2,18,782,neutral
"6,631,372",7,27,29.59259259259259,0.030037546933667083,2,2,20,1,0.0025031289111389237,0,10,0.4005006257822278,0,1,0.04005006257822278,0.11895021645021644,0.4847546897546897,2,0.4074074074074074,0,0.7407407407407407,4,1,1,8,1,23,799,neutral
Charisma___Power,1,7,19.857142857142858,0.007194244604316547,0,0,0,1,0.02877697841726619,0,0,0.5683453237410072,0,0,0.007194244604316547,0.2982142857142857,0.5294642857142857,0,0.14285714285714285,0,1.0,1,0,0,2,1,2,139,neutral
The_Trouble_with_the_Segway,3,20,21.85,0.004576659038901602,0,2,2,2,0.006864988558352402,0,1,0.5102974828375286,0,1,0.004576659038901602,0.09229390681003583,0.4899365867107802,0,0.15,0,0.75,0,4,0,8,1,5,437,neutral
Beating_the_Averages,41,233,21.98283261802575,0.018352206169465052,1,16,6,3,0.0031237797735259665,6,3,0.20577899258102303,17,6,0.026356891839125342,0.138771749449381,0.5010185216829958,2,0.18454935622317598,6,0.3948497854077253,7,19,0,65,1,135,5122,neutral
Design_and_Research,38,124,24.35483870967742,0.012251655629139073,0,7,20,3,0.004635761589403974,3,10,0.25662251655629137,0,2,0.01423841059602649,0.1799505361395607,0.5257560652987481,0,0.0967741935483871,5,0.4032258064516129,2,10,0,32,2,77,3020,neutral
How_to_Think_for_Yourself,32,171,22.95906432748538,0.008405501782985226,1,10,20,3,0.003565970453387672,8,10,0.24605196128374937,4,13,0.011207335710646969,0.10680190153685859,0.5244779361040106,5,0.023391812865497075,5,0.4502923976608187,4,14,0,52,2,180,3926,neutral
The_Power_of_the_Marginal,47,278,24.611510791366907,0.006723180356620871,0,12,22,4,0.003946214557147033,3,11,0.22917275650394622,3,4,0.008184741303712365,0.1307803481240982,0.4887262099762099,3,0.11151079136690648,5,0.38489208633093525,5,39,0,77,2,182,6842,neutral
Web_2.0,41,182,21.36813186813187,0.01259964001028542,1,15,80,3,0.004114168166623811,2,40,0.27127796348675753,11,7,0.013628182051941374,0.12941316648305892,0.48382205309624715,1,0.2087912087912088,5,0.5054945054945055,3,16,0,27,2,82,3889,neutral
Haters,11,81,19.950617283950617,0.018564356435643563,0,10,16,2,0.0024752475247524753,3,8,0.29146039603960394,1,1,0.021658415841584157,0.08863724351529233,0.6111562782294493,0,0.06172839506172839,4,0.5802469135802469,1,2,0,24,1,28,1616,neutral
News_from_the_Front,21,119,20.907563025210084,0.01487138263665595,1,13,4,3,0.002411575562700965,2,2,0.2853697749196141,7,5,0.021704180064308683,0.16749229449887337,0.4804969177995493,1,0.08403361344537816,1,0.5210084033613446,2,19,0,27,2,52,2488,neutral
The_Right_Kind_of_Stubborn,16,114,19.859649122807017,0.007950530035335688,0,6,16,2,0.011042402826855124,0,8,0.2782685512367491,0,1,0.01060070671378092,0.0911337828837829,0.5218714160839162,0,0.02631578947368421,3,0.5350877192982456,0,8,0,36,2,67,2264,neutral
Where_to_See_Silicon_Valley,21,69,17.82608695652174,0.0040650406504065045,1,2,8,1,0.0,0,4,0.3796747967479675,3,0,0.0040650406504065045,0.0673360913280268,0.4827956989247312,1,0.11594202898550725,1,0.6521739130434783,3,8,1,11,1,26,1230,neutral
The_Hardware_Renaissance,8,28,16.857142857142858,0.00847457627118644,0,2,2,0,0.00211864406779661,0,0,0.5084745762711864,1,0,0.00847457627118644,0.28883348794063074,0.44065527726242,0,0.17857142857142858,0,0.75,0,1,0,4,0,15,472,question
Having_Kids,12,87,20.126436781609197,0.04911479154768703,6,8,6,2,0.003997715591090805,2,3,0.2946887492861222,0,6,0.0633923472301542,0.13424099681293925,0.556396467241791,6,0.28735632183908044,0,0.5862068965517241,1,0,0,29,1,33,1751,neutral
Why_It's_Safe_for_Founders_to_Be_Nice,6,35,25.885714285714286,0.006622516556291391,0,3,2,1,0.002207505518763797,3,1,0.3708609271523179,15,1,0.008830022075055188,0.18950925925925924,0.5557407407407409,0,0.14285714285714285,0,0.7714285714285715,1,5,0,12,1,21,906,neutral
An_Alternative_Theory_of_Unions,6,22,25.454545454545453,0.010714285714285714,0,2,0,2,0.007142857142857143,0,0,0.4928571428571429,2,0,0.014285714285714285,0.15224321133412047,0.5013196904105996,0,0.45454545454545453,0,0.7272727272727273,0,2,0,3,1,23,560,neutral
Hiring_is_Obsolete,30,231,23.32034632034632,0.008539075552255429,3,22,12,3,0.004640801930573603,8,6,0.21347688880638574,33,6,0.010581028401707816,0.12477901071449479,0.438300829994378,4,0.08658008658008658,4,0.41125541125541126,7,13,0,67,2,114,5387,neutral
The_Hardest_Lessons_for_Startups_to_Learn,41,250,22.404,0.010890912337082663,0,18,34,3,0.003749330476700589,4,17,0.21192644170683805,36,8,0.012140689162649527,0.1208602444809342,0.5101563168632133,1,0.072,10,0.412,9,33,7,66,2,97,5601,neutral
"Writing,__Briefly",4,6,92.66666666666667,0.00539568345323741,0,0,0,1,0.0,0,0,0.4550359712230216,0,0,0.00539568345323741,0.07772624201195631,0.5536115528462467,0,0.0,1,1.0,5,37,0,3,1,19,556,neutral
Why_Arc_Isn't_Especially_Object-Oriented,7,26,21.346153846153847,0.012612612612612612,0,0,0,1,0.0036036036036036037,0,0,0.4648648648648649,1,1,0.012612612612612612,0.14622540338449433,0.5275226288862652,0,0.038461538461538464,1,0.8461538461538461,3,3,0,6,1,42,555,neutral
The_List_of_N_Things,10,73,22.397260273972602,0.007339449541284404,1,4,12,2,0.0030581039755351682,2,6,0.290519877675841,0,3,0.007951070336391437,0.08807144645987622,0.4542895327812682,1,0.0273972602739726,5,0.5342465753424658,2,7,0,18,1,50,1635,neutral
Why_to_Start_a_Startup_in_a_Bad_Economy,10,58,21.724137931034484,0.006349206349206349,1,4,8,1,0.004761904761904762,2,4,0.3325396825396825,17,2,0.006349206349206349,0.05025176002448733,0.45214009054918153,1,0.1206896551724138,2,0.6379310344827587,1,6,0,22,1,23,1260,neutral
What_I've_Learned_from_Hacker_News,30,142,22.774647887323944,0.020717377860235003,1,0,8,2,0.0055658627087198514,0,4,0.2847866419294991,9,1,0.021954236239950527,0.029495778682345854,0.5386542934677262,3,0.1267605633802817,0,0.5422535211267606,4,18,0,42,1,91,3234,neutral
Can_You_Buy_a_Silicon_Valley?__Maybe.,17,98,22.03061224489796,0.005094951366373321,0,17,12,2,0.005094951366373321,6,6,0.2899490504863363,14,2,0.005094951366373321,0.09330559364720856,0.4852894965627884,0,0.061224489795918366,7,0.5306122448979592,7,5,0,28,2,44,2159,neutral
"The_Other_Half_of_""Artists_Ship""",9,62,23.612903225806452,0.00546448087431694,1,5,4,1,0.004098360655737705,1,2,0.3442622950819672,3,0,0.006147540983606557,0.15162635673505237,0.4303395236003931,2,0.16129032258064516,2,0.5645161290322581,1,3,0,15,1,48,1464,neutral
Write_Simply,1,26,21.846153846153847,0.008802816901408451,0,0,2,2,0.01232394366197183,0,1,0.42077464788732394,0,0,0.01584507042253521,0.0978110599078341,0.4311827956989247,1,0.0,1,0.6538461538461539,0,1,0,4,1,14,568,neutral
"It's_Charisma,_Stupid",27,72,24.01388888888889,0.01156737998843262,1,4,2,1,0.0,1,1,0.33545401966454597,0,0,0.013302486986697512,0.12205252230762435,0.5120733574815208,1,0.2777777777777778,0,0.6388888888888888,5,11,0,23,1,61,1729,neutral
Microsoft_is_Dead,20,75,19.613333333333333,0.021753908905506457,1,5,12,2,0.004758667573079538,0,6,0.3528212100611829,4,0,0.02379333786539769,0.050069009056078,0.4629195899885554,1,0.24,0,0.5866666666666667,3,6,1,12,2,29,1471,neutral
Programming_Bottom-Up,19,44,23.727272727272727,0.0019157088122605363,0,1,6,2,0.007662835249042145,1,3,0.3524904214559387,0,0,0.0019157088122605363,0.09553621816779713,0.4465243966559753,0,0.0,0,0.5681818181818182,1,6,0,14,2,35,1044,neutral
Default_Alive_or_Default_Dead?,17,78,22.025641025641026,0.008731082654249126,0,5,8,1,0.006402793946449359,0,4,0.2968568102444703,7,0,0.00989522700814901,0.09390205726271297,0.5055983921967531,1,0.038461538461538464,2,0.6282051282051282,3,9,0,22,2,23,1718,neutral
Be_Good,0,1,6.0,0.0,0,0,0,0,0.0,0,0,1.0,0,0,0.0,0.0,0.0,0,0.0,0,1.0,0,0,0,0,0,0,6,neutral
What_Made_Lisp_Different,6,41,20.048780487804876,0.0012165450121654502,0,0,0,1,0.0,0,0,0.39902676399026765,0,1,0.0012165450121654502,0.09749435347261434,0.535255505364201,0,0.24390243902439024,0,0.7560975609756098,15,6,1,7,1,41,822,neutral
How_People_Get_Rich_Now,26,117,25.196581196581196,0.0030529172320217096,0,9,22,2,0.0020352781546811396,0,11,0.26797829036635007,12,0,0.0030529172320217096,0.16122897674945458,0.4228396593925603,1,0.24786324786324787,2,0.5897435897435898,10,11,1,39,1,52,2948,neutral
Founder_Mode,9,60,23.283333333333335,0.018611309949892626,0,4,4,2,0.00572655690765927,1,2,0.3249821045096636,15,2,0.019327129563350035,0.11413327526132401,0.5163545296167246,0,0.16666666666666666,0,0.7166666666666667,0,5,0,18,1,14,1397,neutral
How_to_Get_Startup_Ideas,74,359,22.92757660167131,0.006803547564086988,0,35,58,2,0.005953104118576115,21,29,0.1745838901713036,66,13,0.008018466771959665,0.1349818778152113,0.4768918265584937,0,0.10584958217270195,16,0.42618384401114207,16,41,0,88,2,171,8231,neutral
Taste_for_Makers,91,218,22.5,0.005708460754332314,0,14,28,4,0.010601427115188583,8,14,0.26238532110091745,0,13,0.008766564729867482,0.17870180792374676,0.5425650741297,0,0.11926605504587157,5,0.48623853211009177,5,26,0,44,2,131,4905,neutral
Ideas_for_Startups,31,206,21.703883495145632,0.011183180496533215,1,38,14,4,0.012748825766047864,20,7,0.2247819279803176,25,17,0.014314471035562513,0.12446063421673176,0.5142518193940956,1,0.11165048543689321,4,0.4174757281553398,4,36,0,59,2,117,4471,neutral
The_Other_Road_Ahead,84,575,23.547826086956523,0.01292466765140325,1,25,52,5,0.0032496307237813884,8,26,0.16078286558345642,15,15,0.016469719350073856,0.13719293944317823,0.4930857977798702,1,0.20173913043478262,13,0.32,35,43,0,119,3,401,13540,neutral
How_to_Start_Google,21,156,20.621794871794872,0.009947155735156978,1,12,24,3,0.0034193347839602114,12,12,0.21790488032328256,25,4,0.011812247435498913,0.22164038128768437,0.5075297282247486,2,0.16666666666666666,8,0.4230769230769231,2,6,1,30,1,45,3217,neutral
What_I've_Learned_from_Users,20,114,22.166666666666668,0.014246141669964385,0,4,14,3,0.0031658092599920855,1,7,0.27542540561931145,17,4,0.018994855559952513,0.1513481601731602,0.49885854978354965,1,0.19298245614035087,2,0.5263157894736842,5,9,0,29,2,53,2527,neutral
Earnestness,21,90,21.511111111111113,0.009297520661157025,1,13,20,2,0.004132231404958678,5,10,0.3006198347107438,3,0,0.010330578512396695,0.15802711993888457,0.5311711654358714,1,0.044444444444444446,0,0.6,2,4,0,26,2,55,1936,neutral
Cities_and_Ambition,36,166,24.397590361445783,0.011851851851851851,1,11,2,2,0.0009876543209876543,5,1,0.23901234567901233,5,8,0.012592592592592593,0.16655658964105807,0.4749633292834929,2,0.1144578313253012,7,0.4578313253012048,10,31,0,62,1,108,4050,neutral
Hackers_and_Painters,89,274,22.927007299270073,0.014645017510347023,0,8,14,3,0.0071633237822349575,0,7,0.2156956383317415,9,7,0.01798790194205667,0.15868180901019882,0.5312778064684842,5,0.10583941605839416,9,0.4306569343065693,4,12,0,54,2,175,6282,neutral
"The_Word_""Hacker""",38,116,19.00862068965517,0.011791383219954649,0,7,20,2,0.0036281179138321997,0,10,0.3487528344671202,5,2,0.015873015873015872,0.09417970022808732,0.511845373861503,0,0.1206896551724138,1,0.4827586206896552,6,9,0,27,1,75,2205,neutral
What_Business_Can_Learn_from_Open_Source,45,225,21.835555555555555,0.019743537553429676,1,14,22,3,0.0036637492367189092,4,11,0.24587828210869123,12,5,0.02503561978424588,0.1278391884427505,0.47859086091276026,3,0.12,0,0.4444444444444444,4,28,0,57,2,131,4913,neutral
Putting_Ideas_into_Words,11,71,18.87323943661972,0.01791044776119403,1,4,2,2,0.0037313432835820895,2,1,0.3238805970149254,0,5,0.02164179104477612,0.1297943722943723,0.5361191071242618,1,0.11267605633802817,4,0.5633802816901409,2,4,0,20,2,23,1340,neutral
Frighteningly_Ambitious_Startup_Ideas,35,188,22.54255319148936,0.010382255781028787,1,13,14,2,0.00684285040113261,4,7,0.2538933459178858,13,3,0.01651722510618216,0.09559704678882767,0.45004440688687275,1,0.12234042553191489,6,0.5531914893617021,7,15,0,32,1,115,4238,neutral
Startup_=_Growth,54,275,22.17818181818182,0.004099032628299721,1,17,20,3,0.004426955238563699,6,10,0.19757337268404657,66,5,0.0052467617642236435,0.14301491379526068,0.4922941434502124,3,0.10181818181818182,16,0.44,19,13,0,84,2,138,6099,neutral
Could_VC_be_a_Casualty_of_the_Recession?,14,62,24.612903225806452,0.00851900393184797,0,3,4,2,0.002621231979030144,0,2,0.35124508519003933,32,1,0.010484927916120577,0.07475297771907942,0.46132068261305553,0,0.25806451612903225,2,0.6129032258064516,3,7,1,17,1,39,1526,neutral
Weird_Languages,5,16,24.25,0.0,0,1,0,0,0.005154639175257732,1,0,0.44587628865979384,0,0,0.0,0.09730576441102759,0.6048558897243108,0,0.0,1,1.0,0,2,0,4,0,23,388,neutral
Novelty_and_Heresy,4,11,25.90909090909091,0.0,0,0,0,0,0.010526315789473684,0,0,0.47719298245614034,0,0,0.0,0.10849983349983348,0.5022560772560773,0,0.09090909090909091,1,0.8181818181818182,0,1,0,4,0,14,285,neutral
.txt,3,3,8.666666666666666,0.0,0,1,0,0,0.0,0,0,1.0,2,0,0.0,0.13636363636363635,0.45454545454545453,0,0.0,0,1.0,0,1,0,0,0,0,26,neutral
"Snapshot:_Viaweb,_June_1998",9,43,22.511627906976745,0.03409090909090909,0,1,2,1,0.0,0,1,0.4493801652892562,0,1,0.05268595041322314,0.11079365079365082,0.45230158730158737,0,0.4186046511627907,1,0.627906976744186,5,3,0,13,1,25,968,neutral
Is_There_Such_a_Thing_as_Good_Taste?,8,55,23.345454545454544,0.014018691588785047,0,7,4,3,0.004672897196261682,1,2,0.3037383177570093,0,1,0.020249221183800622,0.22149705014749246,0.5444707824132605,1,0.16363636363636364,0,0.5454545454545454,1,4,0,19,2,17,1284,neutral
Tablets,7,24,25.375,0.0180623973727422,0,2,4,2,0.0016420361247947454,0,2,0.45648604269293924,1,0,0.021346469622331693,0.134998334998335,0.5165390165390165,0,0.041666666666666664,0,0.625,3,3,0,9,1,19,609,neutral
How_to_Make_Wealth,161,459,22.095860566448803,0.006310392427529087,0,33,20,3,0.007592190889370932,16,10,0.18142378229146125,37,13,0.008183790179451785,0.1112130759005759,0.464789562914563,0,0.0915032679738562,18,0.3442265795206972,20,34,1,113,3,270,10142,neutral
Java's_Cover,14,82,19.524390243902438,0.019362898188632106,1,2,4,2,0.0012492192379762648,0,2,0.31480324797001874,6,4,0.021861336664584636,0.1555897358943577,0.47555022008803555,1,0.0975609756097561,0,0.524390243902439,8,15,1,14,2,42,1601,neutral
What_Languages_Fix,4,8,30.125,0.0,0,0,0,1,0.016597510373443983,0,0,0.49377593360995853,0,0,0.0,0.17058823529411762,0.5441176470588235,0,0.0,0,1.0,0,26,0,0,1,23,241,neutral
Don't_Talk_to_Corp_Dev,11,67,22.238805970149254,0.006040268456375839,0,7,12,3,0.0013422818791946308,5,6,0.2993288590604027,4,4,0.006040268456375839,0.061518723994452136,0.5231399291108029,0,0.04477611940298507,5,0.5970149253731343,2,2,0,9,2,37,1490,neutral
How_to_Fund_a_Startup,72,392,25.79591836734694,0.006724683544303798,1,18,56,3,0.0032634493670886076,7,28,0.18008306962025317,156,15,0.009988132911392405,0.08076610880958711,0.4436646040993869,1,0.07397959183673469,6,0.3903061224489796,29,69,2,113,2,216,10112,neutral
Holding_a_Program_in_One's_Head,17,92,22.5,0.0024154589371980675,0,0,6,2,0.010144927536231883,0,3,0.28743961352657005,1,2,0.002898550724637681,0.14753536536323422,0.4741702741702743,0,0.010869565217391304,5,0.5760869565217391,0,9,0,23,2,88,2070,neutral
Heresy,22,106,22.849056603773583,0.007018992568125516,0,6,18,4,0.002890173410404624,2,9,0.3199834847233691,0,8,0.009496284062758051,0.09376195309209662,0.4224982221393706,0,0.08490566037735849,0,0.5566037735849056,6,9,0,26,3,74,2422,neutral
See_Randomness,10,29,23.413793103448278,0.020618556701030927,0,2,8,0,0.007363770250368188,0,4,0.44477172312223856,0,4,0.036818851251840944,0.0033942364824717844,0.5132278669043375,0,0.10344827586206896,0,0.8275862068965517,1,9,0,6,0,13,679,neutral
The_Origins_of_Wokeness,71,316,22.132911392405063,0.010580497569345154,0,26,54,3,0.0035744924220760654,0,27,0.24206462682299112,0,4,0.013011152416356878,0.08809902226963842,0.4264937401548778,2,0.25,1,0.3987341772151899,8,46,0,72,3,262,6994,neutral
Why_to_Not_Not_Start_a_Startup,49,340,20.99411764705882,0.015550574390585598,0,34,26,3,0.005463715326421967,17,13,0.19235079854300924,66,11,0.020173718128327262,0.11825939804107619,0.4913216834535327,1,0.08529411764705883,14,0.3911764705882353,6,13,1,95,2,122,7138,neutral
Billionaires_Build,31,173,22.572254335260116,0.00793854033290653,0,12,18,2,0.00409731113956466,4,9,0.21101152368758003,9,4,0.009731113956466069,0.14426178799555434,0.5305719551011756,0,0.09826589595375723,2,0.4161849710982659,4,12,0,52,1,86,3905,neutral
Fashionable_Problems,2,4,52.0,0.0,0,0,0,0,0.009615384615384616,0,0,0.6346153846153846,2,0,0.0,0.19974747474747473,0.4414862914862914,0,0.0,1,1.0,0,2,0,1,0,14,208,neutral
Better_Bayesian_Filtering,91,221,23.013574660633484,0.02182461659457334,0,8,2,2,0.0037357451828548957,1,1,0.22394809280377506,0,9,0.02634683444750295,0.07058314441169812,0.48639639066945783,4,0.1085972850678733,6,0.502262443438914,16,20,1,45,2,166,5086,neutral
Investor_Herd_Dynamics,14,52,24.26923076923077,0.001584786053882726,0,2,2,1,0.003169572107765452,1,1,0.3225039619651347,14,1,0.001584786053882726,0.11825694444444441,0.5090879629629631,0,0.038461538461538464,3,0.7307692307692307,3,2,0,21,1,29,1262,neutral
What_Happened_to_Yahoo,25,116,20.03448275862069,0.01549053356282272,4,9,28,3,0.006024096385542169,0,14,0.2887263339070568,5,6,0.0193631669535284,0.08122484957390616,0.4768486300561773,6,0.5172413793103449,1,0.4827586206896552,4,8,0,29,2,70,2324,neutral
The_Need_to_Read,5,22,23.5,0.009671179883945842,0,2,6,1,0.02127659574468085,0,3,0.390715667311412,0,2,0.009671179883945842,0.20699855699855702,0.557720057720058,0,0.0,2,0.6818181818181818,0,1,0,7,1,14,517,neutral
Lisp_for_Web-Based_Applications,3,2,33.5,0.029850746268656716,0,0,0,0,0.0,0,0,0.7761194029850746,0,0,0.029850746268656716,0.1875,0.30625,0,0.5,0,1.0,1,0,0,0,0,1,67,neutral
Mean_People_Fail,16,66,19.515151515151516,0.011645962732919254,1,3,0,1,0.0015527950310559005,0,0,0.3555900621118012,7,0,0.013975155279503106,0.15446669530639,0.5150757851139528,1,0.030303030303030304,0,0.6212121212121212,0,6,0,14,1,34,1288,neutral
A_Word_to_the_Resourceful,7,33,27.606060606060606,0.015367727771679473,0,2,10,2,0.006586169045005488,0,5,0.3732162458836443,5,0,0.019758507135016465,0.11149682768730383,0.49155741084312504,0,0.3333333333333333,0,0.7575757575757576,1,4,0,5,2,34,911,neutral
Revenge_of_the_Nerds,108,245,27.375510204081632,0.013717012076934546,1,29,30,2,0.00462203667809751,14,15,0.21291188310720144,5,3,0.015655285522588342,0.13334113709113712,0.48673717423717444,2,0.15918367346938775,15,0.40816326530612246,56,49,0,69,2,225,6707,neutral
Life_is_Short,9,96,19.729166666666668,0.019535374868004225,0,5,14,2,0.003695881731784583,1,7,0.30623020063357975,0,22,0.02587117212249208,0.08899753272521127,0.49033635676492837,2,0.125,3,0.6041666666666666,1,5,0,18,2,36,1894,neutral
Post-Medium_Publishing,17,94,21.53191489361702,0.010375494071146246,0,11,12,4,0.005434782608695652,2,6,0.3102766798418972,0,0,0.011363636363636364,0.1002825457370912,0.4709061140879322,1,0.1276595744680851,0,0.6382978723404256,3,4,0,19,2,63,2024,neutral
Why_Startup_Hubs_Work,20,82,24.5609756097561,0.02035749751737835,0,2,0,2,0.004965243296921549,0,0,0.31628599801390267,28,4,0.021847070506454815,0.13082694737974243,0.48281983544405893,0,0.17073170731707318,1,0.5853658536585366,2,10,0,21,2,56,2014,neutral
The_Airbnbs,9,61,20.75409836065574,0.013428120063191154,0,2,10,2,0.004739336492890996,0,5,0.3285939968404423,6,2,0.01579778830963665,0.13532334211682037,0.4318542568542567,1,0.45901639344262296,2,0.5901639344262295,0,10,0,11,1,15,1266,neutral
General_and_Surprising,3,28,18.25,0.009784735812133072,1,0,2,2,0.003913894324853229,0,1,0.436399217221135,0,0,0.009784735812133072,0.13899844028520497,0.4752116755793226,1,0.07142857142857142,1,0.7857142857142857,3,3,0,11,2,13,511,neutral
Some_Heroes,39,169,18.0,0.016107823800131493,2,8,6,3,0.0046022353714661405,0,3,0.284681130834977,0,9,0.02333990795529257,0.1974526621672293,0.5253329271341083,5,0.3727810650887574,2,0.4911242603550296,3,15,0,40,1,77,3042,neutral
This_Year_We_Can_End_the_Death_Penalty_in_California,3,9,24.22222222222222,0.01834862385321101,0,1,0,1,0.0045871559633027525,0,0,0.5229357798165137,0,1,0.01834862385321101,0.22666666666666663,0.4577777777777778,1,0.2222222222222222,0,0.7777777777777778,0,1,0,4,1,8,218,neutral
Writing_and_Speaking,12,61,22.131147540983605,0.02962962962962963,2,1,4,3,0.0014814814814814814,0,2,0.30148148148148146,0,2,0.037037037037037035,0.195511676729068,0.4708980005501744,3,0.14754098360655737,2,0.7049180327868853,1,5,0,16,2,17,1350,neutral
Write_Like_You_Talk,10,35,23.314285714285713,0.012254901960784314,0,2,12,2,0.007352941176470588,2,6,0.36519607843137253,0,0,0.01838235294117647,0.0762920412920413,0.4766450216450214,0,0.08571428571428572,0,0.6285714285714286,0,5,0,10,1,15,816,neutral
Early_Work,34,125,22.728,0.011263639563533967,1,6,8,3,0.007039774727208729,1,4,0.2794790566701866,1,3,0.013375571981696586,0.0986256132756134,0.4825639286639287,1,0.08,3,0.552,1,11,0,33,1,72,2841,neutral
The_Real_Reason_to_End_the_Death_Penalty,7,33,26.181818181818183,0.004629629629629629,0,1,10,2,0.0023148148148148147,0,5,0.42476851851851855,0,2,0.004629629629629629,0.06572440826172168,0.47085029398462225,1,0.3333333333333333,0,0.696969696969697,0,1,0,4,1,28,864,question
The_Age_of_the_Essay,91,264,19.704545454545453,0.015378700499807767,3,30,18,3,0.0034602076124567475,12,9,0.250480584390619,0,17,0.018069973087274125,0.12364760479575301,0.4577185612741168,6,0.16287878787878787,4,0.42803030303030304,21,22,0,59,2,144,5202,neutral
Keep_Your_Identity_Small,6,38,25.842105263157894,0.0,0,4,2,1,0.002036659877800407,1,1,0.3655804480651731,0,0,0.0010183299389002036,0.10764196846513918,0.4432489089501285,0,0.0,0,0.6578947368421053,0,4,0,15,1,29,982,neutral
Trolls,11,46,21.804347826086957,0.013958125623130608,0,0,4,1,0.004985044865403789,0,2,0.3938185443668993,2,2,0.015952143569292122,0.14076290456725243,0.49460697917219654,0,0.10869565217391304,1,0.717391304347826,3,3,0,11,1,26,1003,neutral
If_Lisp_is_So_Great,8,24,20.541666666666668,0.02028397565922921,0,4,2,1,0.002028397565922921,0,1,0.45030425963488846,0,2,0.02028397565922921,0.16411886724386723,0.4513618326118325,0,0.25,0,0.8333333333333334,3,3,0,11,1,16,493,neutral
Filters_that_Fight_Back,9,37,25.513513513513512,0.006355932203389831,0,3,10,2,0.007415254237288136,0,5,0.4184322033898305,0,0,0.006355932203389831,0.10151198128470858,0.5528060912151822,0,0.02702702702702703,0,0.6486486486486487,2,4,0,9,1,29,944,neutral
You_Weren't_Meant_to_Have_a_Boss,26,117,24.188034188034187,0.01060070671378092,0,5,4,3,0.0088339222614841,2,2,0.27102473498233215,15,4,0.013074204946996466,0.08892331576836375,0.4509211475425534,1,0.11965811965811966,4,0.5042735042735043,3,21,0,31,2,86,2830,neutral
The_Hundred-Year_Language,48,202,26.514851485148515,0.017737117251680357,0,27,16,4,0.00578790141896938,7,8,0.21882001493651979,0,8,0.021844660194174758,0.13291304606074594,0.4984682965675704,2,0.12871287128712872,1,0.45544554455445546,11,14,0,52,1,232,5356,neutral
Lies_We_Tell_Kids,52,263,22.55133079847909,0.02309897150564829,2,23,48,2,0.0025290844714213456,2,24,0.22508851795649976,0,21,0.029505985499915698,0.0662418831168831,0.4878398404910502,5,0.20912547528517111,4,0.44866920152091255,8,24,1,77,1,130,5931,neutral
Bradley's_Ghost,10,37,19.56756756756757,0.0055248618784530384,0,5,2,2,0.004143646408839779,1,1,0.4157458563535912,0,0,0.008287292817679558,0.021079527048914814,0.4870327178490442,0,0.16216216216216217,0,0.5405405405405406,3,1,0,14,1,19,724,neutral
How_to_Be_an_Expert_in_a_Changing_World,13,52,23.25,0.014061207609594707,0,3,2,1,0.004962779156327543,3,1,0.3680727874276261,5,1,0.017369727047146403,0.09511198168222963,0.48003023147651236,1,0.07692307692307693,2,0.7307692307692307,3,4,0,14,1,40,1209,neutral
Learning_from_Founders,5,48,19.583333333333332,0.009574468085106383,0,3,6,3,0.00425531914893617,1,3,0.4021276595744681,7,1,0.013829787234042552,0.07990510697032438,0.4444478951000692,0,0.14583333333333334,1,0.7083333333333334,4,2,0,9,2,29,940,neutral
How_to_Do_What_You_Love,39,219,24.374429223744293,0.007868115399025852,2,18,28,3,0.0033720494567253652,11,14,0.21487448482577745,1,8,0.01049082053203447,0.1351753610813245,0.5339391794495008,2,0.136986301369863,14,0.4200913242009132,7,27,0,69,2,113,5338,neutral
What_Kate_Saw_in_Silicon_Valley,7,52,18.096153846153847,0.01381509032943677,0,1,10,1,0.005313496280552604,0,5,0.4038257173219979,6,1,0.019128586609989374,0.12973865157600095,0.4874017715885185,1,0.15384615384615385,1,0.7307692307692307,1,5,8,13,1,32,941,neutral
What_Startups_Are_Really_Like,129,296,19.652027027027028,0.019082001031459517,1,14,30,3,0.005673027333677153,2,15,0.2045728038507822,59,7,0.02475502836513667,0.15199929125333073,0.5159666092933605,2,0.15878378378378377,8,0.43243243243243246,5,57,17,63,1,140,5817,neutral
The_Future_of_Web_Startups,24,153,24.359477124183005,0.011537429568017172,0,4,6,2,0.006707807888382077,1,3,0.257848135229407,33,4,0.013683928092299437,0.16416593531079526,0.46140315897325235,1,0.09803921568627451,1,0.5163398692810458,1,7,0,42,1,120,3727,neutral
After_Credentials,15,109,24.155963302752294,0.010634257500949488,1,8,4,2,0.0060767185719711354,5,2,0.29813900493733386,3,0,0.014812001519179644,0.13652132896601932,0.4431164680943444,2,0.21100917431192662,1,0.5688073394495413,4,11,1,33,2,124,2633,neutral
The_Four_Quadrants_of_Conformism,16,95,23.694736842105264,0.009329187027987561,1,5,10,3,0.003109729009329187,0,5,0.3011994669035984,1,0,0.011550422034651266,0.13348816506074568,0.48491873419292775,1,0.06315789473684211,0,0.5473684210526316,1,6,0,32,1,126,2251,neutral
Why_There_Aren't_More_Googles,20,68,22.352941176470587,0.009210526315789473,0,6,4,2,0.0006578947368421052,1,2,0.3335526315789474,21,0,0.009868421052631578,0.1747555590326674,0.45030985413515545,0,0.04411764705882353,2,0.6323529411764706,1,8,0,25,2,40,1520,neutral
Good_and_Bad_Procrastination,13,91,22.89010989010989,0.010081613058089293,0,11,10,3,0.007201152184349496,4,5,0.28228516562650025,1,1,0.01056168987037926,0.11859411894923255,0.4713843795093794,1,0.07692307692307693,2,0.5714285714285714,9,12,0,24,1,66,2083,neutral
Startups_in_13_Sentences,19,86,17.558139534883722,0.008609271523178808,0,4,2,2,0.005298013245033113,1,1,0.33774834437086093,13,1,0.009271523178807948,0.15591363182272278,0.5276458390094754,1,0.06976744186046512,1,0.686046511627907,3,9,1,20,2,44,1510,neutral
The_Pooled-Risk_Company_Management_Company,8,56,25.392857142857142,0.007032348804500703,0,4,4,2,0.005625879043600563,2,2,0.3333333333333333,3,1,0.008438818565400843,0.24243564349696425,0.4857534237251218,0,0.10714285714285714,1,0.625,3,7,0,15,1,33,1422,neutral
Jessica_Livingston,22,116,19.267241379310345,0.019686800894854587,0,4,10,2,0.0022371364653243847,1,5,0.2930648769574944,5,8,0.027293064876957495,0.1840663818838423,0.5015336662162059,0,0.3017241379310345,1,0.46551724137931033,5,6,0,24,1,50,2235,neutral
Mind_the_Gap,60,288,22.71527777777778,0.009171507184347295,0,22,30,2,0.0032100275145215532,5,15,0.24594925099357995,0,9,0.011770100886579028,0.08937897886427315,0.4675314131334351,1,0.18055555555555555,6,0.5069444444444444,43,20,0,54,2,178,6542,neutral
Organic_Startup_Ideas,15,57,20.29824561403509,0.01901469317199654,0,4,4,1,0.006050129645635264,2,2,0.3388072601555748,13,3,0.024200518582541054,0.12595618034447822,0.47337048294495093,0,0.2982456140350877,2,0.5964912280701754,1,5,0,13,1,17,1157,neutral
Fierce_Nerds,12,56,25.357142857142858,0.004225352112676056,0,2,6,1,0.004225352112676056,1,3,0.3570422535211268,0,0,0.006338028169014085,0.08354078678773803,0.4980673019392532,0,0.07142857142857142,2,0.6964285714285714,3,8,0,22,1,58,1420,neutral
The_Reddits,12,58,22.396551724137932,0.02155504234026174,0,3,8,1,0.0023094688221709007,0,4,0.35026943802925325,4,2,0.02617397998460354,0.13170381627828437,0.4402644636687191,0,0.603448275862069,0,0.5862068965517241,2,4,0,24,1,26,1299,neutral
How_to_Disagree,21,93,18.473118279569892,0.007566938300349243,0,4,4,1,0.004074505238649592,1,2,0.3073341094295693,0,0,0.008149010477299184,0.08797900484070692,0.5315836429134302,0,0.010752688172043012,3,0.5913978494623656,0,11,0,17,1,81,1718,neutral
The_Hacker's_Guide_to_Investors,50,311,22.594855305466236,0.006261562544471325,1,17,44,3,0.0024192400740002847,7,22,0.19097765760637542,98,10,0.007542336701295005,0.12123537819035439,0.480294971396867,1,0.10610932475884244,10,0.34726688102893893,11,32,1,95,2,143,7027,neutral
Inequality_and_Risk,24,142,22.718309859154928,0.013329200247985121,0,17,6,1,0.0046497210167389955,6,3,0.28301301921884686,19,1,0.015809051456912585,0.12024110285139693,0.4836876705810531,0,0.07042253521126761,6,0.5211267605633803,8,13,0,32,1,87,3226,neutral
Succinctness_is_Power,35,113,30.15929203539823,0.016725352112676055,0,15,10,2,0.004988262910798122,3,5,0.23620892018779344,0,5,0.020246478873239437,0.1428866322356888,0.4870715856470575,1,0.12389380530973451,4,0.45132743362831856,28,21,0,23,1,139,3408,neutral
What_You'll_Wish_You'd_Known,33,295,19.854237288135593,0.014512549086563086,3,26,32,4,0.004439132661772239,16,16,0.2106880655625747,0,16,0.018098002390302202,0.09854642836684424,0.5392561995870131,6,0.15254237288135594,7,0.43050847457627117,8,24,0,80,2,113,5857,neutral
Five_Questions_about_Language_Design,26,144,22.28472222222222,0.016516048613275165,1,15,0,1,0.0021813649111872857,10,0,0.25397320037394827,2,1,0.020255531318167652,0.18910604967423147,0.48357159254886517,2,0.11805555555555555,3,0.4791666666666667,5,10,1,37,1,145,3209,question
Six_Principles_for_Making_New_Things,7,54,24.814814814814813,0.018656716417910446,0,5,10,1,0.009701492537313432,0,5,0.35,2,2,0.023880597014925373,0.09308017316017318,0.48784184704184697,1,0.4074074074074074,1,0.6481481481481481,11,10,0,12,1,35,1340,neutral
Stuff,8,75,19.106666666666666,0.0314026517794836,3,10,12,3,0.0034891835310537334,6,6,0.34752267969295186,0,5,0.0418702023726448,0.0855722120761183,0.45851286300505073,4,0.16,0,0.5866666666666667,3,3,0,15,2,31,1433,neutral
The_Patent_Pledge,7,36,21.63888888888889,0.01540436456996149,0,0,6,2,0.012836970474967908,0,3,0.37869062901155326,0,2,0.01540436456996149,0.03036723163841809,0.4769504977132096,1,0.05555555555555555,0,0.6944444444444444,0,5,0,8,1,19,779,neutral
The_Top_Idea_in_Your_Mind,13,62,21.596774193548388,0.02912621359223301,2,2,4,1,0.010455563853622106,2,2,0.35399551904406273,2,11,0.038088125466766244,0.12258796168370632,0.5678759479291394,2,0.14516129032258066,2,0.6290322580645161,1,10,0,19,1,24,1339,neutral
The_Ronco_Principle,8,40,17.8,0.009831460674157303,0,1,2,1,0.008426966292134831,0,1,0.40870786516853935,13,1,0.009831460674157303,0.20013699924414208,0.584608843537415,1,0.125,2,0.6,0,1,0,15,0,19,712,neutral
A_New_Venture_Animal,14,107,20.934579439252335,0.024107142857142858,0,6,8,3,0.003125,1,4,0.2785714285714286,30,1,0.029910714285714287,0.11551079775344482,0.4610512689924456,0,0.14018691588785046,1,0.5327102803738317,4,6,1,31,1,40,2240,neutral
Persuade_xor_Discover,16,66,22.348484848484848,0.02169491525423729,1,5,12,1,0.008135593220338983,2,6,0.32745762711864407,0,2,0.02305084745762712,0.13740887502698526,0.4348948710956585,2,0.10606060606060606,0,0.5757575757575758,0,10,0,19,1,37,1475,neutral
How_to_Get_New_Ideas,2,8,21.875,0.011428571428571429,0,1,0,0,0.005714285714285714,0,0,0.6171428571428571,0,1,0.017142857142857144,0.17416267942583732,0.4375598086124402,0,0.125,0,1.0,2,2,0,3,0,2,175,neutral
Founder_Control,9,37,23.54054054054054,0.010332950631458095,0,3,0,2,0.002296211251435132,0,0,0.37657864523536166,6,0,0.012629161882893225,0.10953540507111935,0.45840741599670176,0,0.08108108108108109,0,0.6756756756756757,0,3,0,6,2,20,871,neutral
A_Version_1.0,80,247,19.813765182186234,0.017572537801389457,4,22,18,2,0.002451982018798529,6,9,0.2396812423375562,0,15,0.02063751532488762,0.08682791614609801,0.4434867937140666,5,0.2145748987854251,2,0.41700404858299595,19,22,0,53,1,122,4894,neutral
Economic_Inequality,34,157,24.484076433121018,0.011706555671175858,0,4,8,2,0.004422476586888657,1,4,0.2481789802289282,11,2,0.01404786680541103,0.11965636953791577,0.464771827645892,0,0.08280254777070063,1,0.4968152866242038,1,9,1,53,2,98,3844,neutral
How_Not_to_Die,17,119,19.058823529411764,0.02292768959435626,1,7,14,3,0.002204585537918871,5,7,0.2808641975308642,27,0,0.026455026455026454,0.05083467434252776,0.5107281156888485,1,0.08403361344537816,5,0.5294117647058824,3,8,0,35,2,40,2268,neutral
The_Island_Test,6,43,20.023255813953487,0.04529616724738676,0,4,0,3,0.0023228803716608595,1,0,0.40069686411149824,0,1,0.04994192799070848,-0.028036769310354204,0.5030092025375044,0,0.13953488372093023,1,0.5813953488372093,2,2,0,10,1,13,861,neutral
The_Submarine,31,110,24.454545454545453,0.01486988847583643,0,5,34,3,0.0022304832713754648,1,17,0.30446096654275095,3,7,0.01895910780669145,0.12562930560838512,0.4777725865487373,1,0.2545454545454545,2,0.5545454545454546,3,12,2,27,2,69,2690,neutral
Two_Kinds_of_Judgement,7,31,26.29032258064516,0.0049079754601227,0,0,0,1,0.001226993865030675,0,0,0.3901840490797546,0,1,0.012269938650306749,0.1890536175710594,0.44752583979328175,0,0.0967741935483871,2,0.6774193548387096,0,2,0,8,1,27,815,neutral
Crazy_New_Ideas,16,76,20.19736842105263,0.006514657980456026,0,5,6,2,0.001954397394136808,2,3,0.33355048859934855,0,1,0.009120521172638436,0.07022504456327987,0.5282437293099057,0,0.06578947368421052,2,0.6973684210526315,1,6,0,18,1,47,1535,neutral
The_Roots_of_Lisp,6,13,32.0,0.007211538461538462,0,0,2,1,0.0,0,1,0.5192307692307693,0,0,0.01201923076923077,0.17727795193312437,0.5220129870129872,0,0.07692307692307693,0,0.6923076923076923,2,1,0,4,1,18,416,neutral
Being_a_Noob,2,15,28.533333333333335,0.028037383177570093,0,2,4,1,0.002336448598130841,0,2,0.42990654205607476,1,3,0.04439252336448598,0.0596826560536238,0.43077782432621137,1,0.26666666666666666,0,0.6666666666666666,0,2,0,3,1,16,428,reflection
Black_Swan_Farming,25,95,25.789473684210527,0.024489795918367346,1,6,12,1,0.004081632653061225,0,6,0.27346938775510204,14,3,0.031020408163265307,0.09937158353414513,0.4678865537855685,1,0.1368421052631579,0,0.5157894736842106,10,7,0,24,1,71,2450,neutral
How_to_Be_an_Angel_Investor,39,226,20.17699115044248,0.007894736842105263,0,13,22,2,0.005482456140350877,9,11,0.21666666666666667,62,6,0.009210526315789473,0.17866806445144334,0.4865628256091466,0,0.04424778761061947,8,0.46017699115044247,7,12,0,48,2,86,4560,neutral
Startup_Investing_Trends,24,136,24.198529411764707,0.014889091461561836,0,11,2,3,0.002127013065937405,1,1,0.25037982376177453,35,1,0.016408386508659983,0.1533166967875706,0.42344572633407573,1,0.08823529411764706,0,0.47058823529411764,4,8,0,25,2,76,3291,neutral
The_High-Res_Society,18,68,24.794117647058822,0.0035587188612099642,0,2,10,1,0.0035587188612099642,0,5,0.3517200474495848,5,0,0.006524317912218268,0.11332092150273966,0.44854276878424587,1,0.3382352941176471,0,0.6176470588235294,0,6,0,25,1,58,1686,neutral
The_Best_Essay,36,206,23.825242718446603,0.015688671556642216,3,18,12,4,0.004074979625101874,10,6,0.20904645476772615,0,8,0.018133659331703342,0.21322161983718602,0.4863999836641348,4,0.0825242718446602,6,0.4368932038834951,2,20,0,64,2,107,4908,neutral
"Maker's_Schedule,_Manager's_Schedule",9,58,23.155172413793103,0.023827252419955324,0,3,6,1,0.004467609828741623,2,3,0.3253909158600149,1,2,0.03201787043931496,0.04260096443640749,0.47367389993972264,0,0.034482758620689655,1,0.6896551724137931,2,9,0,15,1,28,1343,neutral
Relentlessly_Resourceful,11,59,19.627118644067796,0.025906735751295335,0,4,14,1,0.0051813471502590676,1,7,0.3290155440414508,8,1,0.027633851468048358,0.14720502438174846,0.5141437776782602,1,0.0847457627118644,1,0.7457627118644068,2,5,0,19,1,44,1158,neutral
Beyond_Smart,14,67,24.119402985074625,0.01608910891089109,1,4,6,3,0.004331683168316832,1,3,0.30507425742574257,1,2,0.019183168316831683,0.15279762879762887,0.4803028353028351,1,0.13432835820895522,0,0.6119402985074627,0,3,0,27,2,77,1616,neutral
What_We_Look_for_in_Founders,9,55,16.418181818181818,0.0221483942414175,0,1,2,1,0.0022148394241417496,0,1,0.4119601328903654,7,3,0.024363233665559248,0.22718058968058968,0.534081159081159,0,0.07272727272727272,0,0.6727272727272727,1,2,4,13,1,30,903,neutral
The_Lesson_to_Unlearn,34,194,23.5,0.013380127220881772,2,24,16,3,0.006361044088615924,7,8,0.2147400745777583,8,8,0.016231629743364773,0.11762864009047228,0.5222975483662502,5,0.16494845360824742,1,0.4020618556701031,1,12,0,63,3,95,4559,neutral
How_to_Convince_Investors,41,184,23.10326086956522,0.004469536579628322,0,15,18,4,0.0037638202775817455,8,9,0.22018348623853212,32,8,0.004940014114326041,0.194768001241465,0.4506470027489579,0,0.07065217391304347,9,0.4945652173913043,7,6,0,54,2,73,4251,neutral
How_to_Start_a_Startup,65,489,22.687116564417177,0.015053181900126195,0,31,62,5,0.005498467640165855,16,31,0.17153416261042004,80,14,0.020731927167838473,0.1397805762541421,0.4986967722316438,1,0.2065439672801636,14,0.35173824130879344,12,50,1,143,2,204,11094,neutral
RSS,1,1,12.0,0.0,0,0,0,0,0.0,0,0,1.0,0,0,0.0,0.0,0.0,0,0.0,0,1.0,0,0,0,0,0,0,12,neutral
Schlep_Blindness,11,49,19.73469387755102,0.01344364012409514,1,9,6,2,0.007238883143743537,4,3,0.3815925542916236,6,2,0.017580144777662874,0.11482226693494299,0.5244969818913482,1,0.10204081632653061,1,0.7959183673469388,1,1,0,13,1,22,967,neutral
What_Microsoft_Is_this_the_Altair_Basic_of?,4,26,16.46153846153846,0.011682242990654205,0,9,2,1,0.002336448598130841,0,1,0.4696261682242991,3,0,0.014018691588785047,0.10441017316017313,0.4791847041847043,1,0.19230769230769232,0,0.7307692307692307,0,0,0,5,1,10,428,question
The_Two_Kinds_of_Moderate,5,30,25.333333333333332,0.005263157894736842,0,0,4,1,0.0,0,2,0.38421052631578945,0,0,0.007894736842105263,0.14894314868804664,0.5614026563006155,0,0.03333333333333333,0,0.7666666666666667,1,2,0,8,2,31,760,neutral
How_to_Write_Usefully,16,152,21.598684210526315,0.015534572037770332,0,6,18,2,0.0039597928723728295,4,9,0.2421565641181846,1,4,0.01675296984465428,0.1238885102838592,0.48100353995702827,1,0.046052631578947366,6,0.39473684210526316,1,11,0,43,1,86,3283,neutral
Are_Software_Patents_Evil?,41,237,22.620253164556964,0.010818877075172543,0,26,60,2,0.005036373810856184,5,30,0.23204626002611453,12,3,0.013430330162283156,0.06355734895469996,0.473608468426349,0,0.11814345991561181,7,0.4345991561181435,6,22,0,63,1,117,5361,neutral
Return_of_the_Mac,10,49,23.387755102040817,0.013961605584642234,0,4,6,1,0.0017452006980802793,1,3,0.38830715532286214,2,0,0.02356020942408377,0.1652680565048986,0.478076479076479,1,0.2857142857142857,2,0.6326530612244898,1,4,0,9,1,18,1146,neutral
How_to_Present_to_Investors,15,133,24.210526315789473,0.006211180124223602,0,6,24,1,0.004347826086956522,3,12,0.2636645962732919,16,2,0.007142857142857143,0.14337944995937563,0.49016710468383307,0,0.06015037593984962,10,0.5864661654135338,12,10,1,38,1,80,3220,neutral
Let_the_Other_95%_of_Great_Programmers_In,13,47,22.361702127659573,0.009514747859181731,0,4,4,2,0.0009514747859181732,0,2,0.368220742150333,1,1,0.017126546146527116,0.2796296296296295,0.5183118386243387,0,0.0425531914893617,0,0.723404255319149,0,4,0,10,1,55,1051,neutral
Why_Startups_Condense_in_America,48,226,23.63716814159292,0.0067390490453013855,1,19,14,3,0.00355672032946462,7,7,0.24859603144889555,29,2,0.012167727442905278,0.11491741057640642,0.4477072149143277,2,0.11504424778761062,3,0.43805309734513276,7,21,0,61,2,166,5342,neutral
What_the_Bubble_Got_Right,50,217,19.447004608294932,0.01066350710900474,5,14,30,2,0.0033175355450236967,4,15,0.2718009478672986,9,4,0.012559241706161137,0.136473768887562,0.48019300144300164,8,0.2119815668202765,4,0.48847926267281105,12,15,0,45,2,98,4220,neutral
Donate_Unrestricted,3,28,19.785714285714285,0.0018050541516245488,0,2,4,0,0.005415162454873646,2,2,0.4151624548736462,0,0,0.0018050541516245488,0.060317460317460325,0.4521825396825397,0,0.03571428571428571,3,0.6785714285714286,0,0,0,7,0,17,554,neutral
Great_Hackers,40,290,20.658620689655173,0.014021031547320982,1,21,10,3,0.007010515773660491,9,5,0.2114838925054248,21,11,0.01602403605408112,0.18912596797830702,0.5389103440419227,4,0.09655172413793103,7,0.3793103448275862,10,24,0,83,1,150,5991,reflection
The_18_Mistakes_That_Kill_Startups,46,304,21.036184210526315,0.008600469116497263,1,33,16,3,0.006567630961688819,18,8,0.21235340109460515,45,4,0.010789679437060204,0.11150461029116014,0.46629184493219566,2,0.08881578947368421,10,0.4473684210526316,15,35,0,63,2,128,6395,neutral
Copy_What_You_Like,8,55,19.30909090909091,0.03295668549905838,1,4,4,1,0.004708097928436911,3,2,0.3907721280602637,0,8,0.038606403013182675,0.14965288220551376,0.5852907268170426,2,0.4,1,0.6181818181818182,0,8,0,9,1,25,1062,neutral
Subject:_Airbnb,8,37,41.972972972972975,0.015453960077269801,1,3,4,1,0.0019317450096587251,1,2,0.33419188667095945,6,2,0.02189311010946555,0.06217907227615964,0.4116913237787024,1,0.1891891891891892,0,0.8378378378378378,5,103,0,14,1,42,1553,neutral
How_You_Know,7,29,25.03448275862069,0.030303030303030304,1,2,6,2,0.005509641873278237,0,3,0.4366391184573003,0,4,0.04132231404958678,0.11875183715461496,0.4344393004115227,1,0.10344827586206896,0,0.7241379310344828,3,1,0,13,1,23,726,neutral
Why_Smart_People_Have_Bad_Ideas,40,161,22.652173913043477,0.026323005209761448,0,14,16,4,0.007129147244310392,3,8,0.2596654784754593,11,10,0.030710172744721688,0.09541594077899224,0.5025569171433143,2,0.2236024844720497,1,0.4906832298136646,8,22,0,45,1,65,3647,neutral
The_Future_of_Startup_Funding,46,192,23.057291666666668,0.007002484752654168,0,8,6,1,0.004291845493562232,2,3,0.22159475943076576,60,3,0.009261350801897448,0.10231812395346228,0.46502662681234125,0,0.06770833333333333,2,0.5260416666666666,5,22,0,55,1,115,4427,neutral
The_Refragmentation,75,418,19.650717703349283,0.008156805454102752,4,10,34,2,0.0024348672997321647,2,17,0.22546871195519844,4,5,0.011443876308741174,0.1054571865721937,0.40570742993954767,6,0.3803827751196172,3,0.48564593301435405,19,27,2,76,1,286,8214,neutral
The_Venture_Capital_Squeeze,12,64,27.8125,0.007303370786516854,0,3,8,1,0.0028089887640449437,0,4,0.3348314606741573,22,1,0.01348314606741573,0.07208440404976553,0.42257250781347167,0,0.09375,1,0.609375,4,20,0,11,1,53,1780,neutral
Writes_and_Write-Nots,4,28,22.178571428571427,0.008051529790660225,0,2,0,1,0.001610305958132045,0,0,0.391304347826087,0,0,0.011272141706924315,0.17783251231527097,0.5520320197044335,0,0.10714285714285714,0,0.7142857142857143,0,5,0,9,1,13,621,neutral
Being_Popular,48,369,22.88617886178862,0.008762581409117821,0,12,12,3,0.007341622261693309,4,6,0.19336885731201894,21,8,0.010775606867969212,0.1543860506962918,0.522494161349583,0,0.08672086720867209,1,0.2981029810298103,15,33,0,62,2,282,8445,neutral
How_to_Do_Philosophy,61,243,22.234567901234566,0.01628724782528225,0,15,42,2,0.006292800296131778,1,21,0.2433833055709791,0,52,0.019618730334999075,0.12037308436244605,0.4806935983638114,0,0.23045267489711935,2,0.4691358024691358,15,34,3,63,1,199,5403,neutral
How_Art_Can_Be_Good,33,163,25.539877300613497,0.009128032668748499,1,12,38,5,0.0031227480182560653,5,19,0.23252462166706703,0,6,0.012731203459043959,0.1911656615152657,0.5017406918792141,3,0.13496932515337423,5,0.5030674846625767,10,15,0,41,2,86,4163,neutral
The_Top_of_My_Todo_List,2,12,22.166666666666668,0.015037593984962405,0,1,0,1,0.0,1,0,0.5300751879699248,0,1,0.018796992481203006,0.1418650793650794,0.5216269841269843,0,0.0,0,0.8333333333333334,0,5,0,4,1,7,266,neutral
A_Way_to_Detect_Bias,8,25,25.52,0.007836990595611285,0,3,0,0,0.001567398119122257,1,0,0.4059561128526646,4,0,0.007836990595611285,0.1736801242236025,0.47776052449965495,0,0.12,0,0.8,4,1,0,6,0,18,638,neutral
The_New_Funding_Landscape,33,172,23.348837209302324,0.00597609561752988,0,11,12,2,0.0022410358565737054,3,6,0.20816733067729085,41,3,0.007470119521912351,0.09808222458646185,0.4272129588866882,0,0.06976744186046512,3,0.436046511627907,5,11,0,47,2,131,4016,neutral
A_Plan_for_Spam,54,200,30.675,0.015158924205378973,0,6,116,2,0.0034229828850855745,1,58,0.2221678891605542,2,9,0.020211898940505298,0.1173020152168383,0.4793008583108136,2,0.06,4,0.435,72,27,0,55,2,217,6135,question
How_to_Work_Hard,36,160,23.75,0.02157894736842105,8,10,6,2,0.014210526315789474,5,3,0.23026315789473684,1,4,0.024736842105263158,0.11934245415337848,0.4975390358163467,10,0.15,6,0.50625,4,19,0,42,2,64,3800,neutral
The_Anatomy_of_Determination,17,71,23.760563380281692,0.006520450503852994,0,5,0,3,0.0035566093657379964,1,0,0.3372851215174867,2,3,0.006520450503852994,0.1764773370261175,0.5013249166145508,0,0.08450704225352113,2,0.6197183098591549,0,10,0,18,1,93,1687,neutral
Made_in_USA,38,105,20.238095238095237,0.016941176470588234,0,11,12,4,0.0032941176470588237,0,6,0.3251764705882353,0,1,0.021176470588235293,0.10659619450317125,0.4958421423537702,0,0.0380952380952381,5,0.5238095238095238,4,5,0,22,2,58,2125,neutral
How_to_Raise_Money,111,503,24.202783300198806,0.005010678495153606,0,26,84,2,0.003942828979793002,15,42,0.1485132249055364,124,9,0.006078528010514211,0.10048692803794838,0.46597386683611125,1,0.02385685884691849,23,0.35785288270377735,34,32,2,146,2,346,12174,neutral
Disconnecting_Distraction,12,62,20.79032258064516,0.03491078355314197,2,2,0,3,0.011636927851047323,2,0,0.35531419705197825,0,0,0.04422032583397983,0.0757196463972165,0.46806786152580554,2,0.1935483870967742,3,0.6129032258064516,1,4,0,15,2,46,1289,neutral
A_Local_Revolution?,4,60,25.083333333333332,0.007973421926910298,0,4,2,2,0.003986710963455149,0,1,0.3521594684385382,14,0,0.009966777408637873,0.1348343206746568,0.4518967726950919,1,0.16666666666666666,3,0.6833333333333333,5,10,0,23,1,53,1505,neutral
Superlinear_Returns,35,215,22.632558139534883,0.007192766132346897,1,9,24,4,0.0036991368680641184,2,12,0.22872996300863133,2,4,0.008836826962597617,0.18123655271931127,0.5185802441492098,1,0.09302325581395349,5,0.4604651162790698,2,34,0,81,2,192,4866,neutral
Defining_Property,13,44,24.772727272727273,0.014678899082568808,1,2,6,3,0.003669724770642202,0,3,0.38990825688073394,0,1,0.024770642201834864,0.04857562908932772,0.5688400146276859,1,0.1590909090909091,0,0.6818181818181818,3,0,0,16,2,18,1090,neutral
How_to_Make_Pittsburgh_a_Startup_Hub,24,156,19.07051282051282,0.015798319327731094,4,12,18,4,0.004033613445378151,5,9,0.2480672268907563,22,4,0.01781512605042017,0.1791981390257253,0.46187008633129306,7,0.1346153846153846,1,0.4551282051282051,1,11,0,32,2,73,2975,neutral
Why_YC,3,19,22.36842105263158,0.05411764705882353,0,0,2,1,0.009411764705882352,0,1,0.4894117647058824,3,1,0.06352941176470588,0.13909361471861473,0.47454816017316015,0,0.10526315789473684,0,0.8421052631578947,1,1,0,4,1,7,425,neutral
How_to_Do_Great_Work,112,615,22.004878048780487,0.004064139510825389,1,26,50,2,0.006428729771669253,20,25,0.1511859898027045,0,17,0.004655287076036355,0.18106293436589554,0.5214913674025285,1,0.04390243902439024,21,0.33170731707317075,7,74,0,186,2,381,13533,neutral
The_Bus_Ticket_Theory_of_Genius,19,125,23.84,0.011073825503355705,0,12,12,2,0.0077181208053691275,2,6,0.27114093959731544,0,4,0.014093959731543624,0.19912676587943492,0.5170708611278003,0,0.128,1,0.512,2,18,0,40,2,80,2980,neutral
Orthodox_Privilege,8,26,28.76923076923077,0.004010695187165776,0,1,4,2,0.00267379679144385,0,2,0.3716577540106952,0,1,0.0053475935828877,0.11492471988795513,0.5841188141923435,0,0.038461538461538464,0,0.8846153846153846,0,2,0,6,1,19,748,neutral
The_Founder_Visa,2,16,27.9375,0.015659955257270694,0,1,0,0,0.006711409395973154,0,0,0.49217002237136465,10,0,0.020134228187919462,0.20396103896103895,0.5255209235209235,0,0.0625,0,0.75,0,4,0,4,0,12,447,neutral
Why_Nerds_are_Unpopular,58,314,20.68471337579618,0.016628175519630486,0,20,28,3,0.003695150115473441,4,14,0.21478060046189376,0,18,0.021709006928406466,0.05740806703185352,0.510190847448129,1,0.2229299363057325,1,0.37579617834394907,13,24,0,73,2,147,6495,neutral
The_Risk_of_Discovery,4,14,17.571428571428573,0.02032520325203252,0,1,2,0,0.0,0,1,0.5894308943089431,0,0,0.024390243902439025,0.24821428571428572,0.5750000000000001,0,0.42857142857142855,0,0.7857142857142857,0,1,0,2,0,9,246,neutral
Why_Twitter_is_a_Big_Deal,4,10,17.9,0.0,0,0,0,1,0.0,0,0,0.553072625698324,0,0,0.0,0.08232323232323228,0.4135642135642135,0,0.0,0,1.0,3,1,0,3,1,1,179,neutral
How_Y_Combinator_Started,25,83,19.626506024096386,0.050951503990178025,0,0,6,2,0.003069367710251688,0,3,0.29772866789441377,15,3,0.0620012277470841,0.17561363636363636,0.4981002164502165,0,0.39759036144578314,0,0.4578313253012048,1,6,0,20,1,20,1629,neutral
The_Python_Paradox,5,20,26.3,0.0076045627376425855,0,0,0,1,0.0038022813688212928,0,0,0.4372623574144487,0,0,0.0076045627376425855,0.1332900432900433,0.5818398268398268,0,0.0,0,0.75,1,6,0,10,1,27,526,neutral
Why_to_Move_to_a_Startup_Hub,25,69,23.608695652173914,0.014119091467157766,0,0,4,1,0.003683241252302026,0,2,0.3149171270718232,28,1,0.017188459177409455,0.12678251136195062,0.377683038664347,0,0.14492753623188406,1,0.6521739130434783,2,9,0,22,1,31,1629,neutral
A_Fundraising_Survival_Guide,52,258,21.430232558139537,0.009404955688189547,0,12,34,2,0.004521613311629589,5,17,0.21323928377645143,53,3,0.011937059142702116,0.11441425409972059,0.4885594009509412,0,0.06589147286821706,12,0.437984496124031,11,24,9,80,2,129,5529,neutral
When_To_Do_What_You_Love,9,69,25.565217391304348,0.0017006802721088435,0,9,8,3,0.007369614512471655,6,4,0.2624716553287982,2,2,0.0017006802721088435,0.21225198412698412,0.5005288643235072,0,0.028985507246376812,5,0.6086956521739131,0,9,0,16,2,25,1764,neutral
